id1,law_democracy,law_democracy_combined,law_democracy_note,law_democracy_rank,religion_state,religion_state_combined,religion_state_note,religion_state_rank,directors,directors_combined,directors_note,directors_rank,green_social,green_social_combined,green_social_note,green_social_rank,jewish_arab,jewish_arab_combined,jewish_arab_note,jewish_arab_rank,cost_of_living,cost_of_living_combined,cost_of_living_note,cost_of_living_rank,peace_security,peace_security_combined,peace_security_note,peace_security_rank,negev_galil,negev_galil_combined,negev_galil_note,negev_galil_rank,next_generation,next_generation_combined,next_generation_note,next_generation_rank,human_rights_territories,human_rights_territories_combined,human_rights_territories_note,human_rights_territories_rank,education,education_combined,education_note,education_rank,gender_equality,gender_equality_combined,gender_equality_note,gender_equality_rank
גלעד קריב,100,96.4,"עוגן ליבה מובהק. יו""ר ועדת החוקה, חוק ומשפט (כנסת ה-24); מובילה מרכזית במאבק נגד הרפורמה המשפטית; עמדה עקבית ומתועדת לאורך שנים.",1,100,96.4,"עוגן ליבה עצמאי. רב רפורמי ומנכ""ל התנועה הרפורמית (2009–2021); מאבקים מתועדים בפלורליזם דתי, גיור, נישואין ומתווה הכותל — עשרות שנות עשייה עקבית.",1,80,82.4,"ניהול ארגון ארצי כ-12 שנה (מנכ""ל התנועה הרפורמית); יו""ר ועדות כנסת (חוקה, עלייה). ניסיון ניהולי ציבורי מוכח ומגוון.",2,80,80,חיפוש עמוק: חיזוק לרמת התאמה חזקה. יוזם חוק-יסוד הגנת הסביבה; ניהל דיון בוועדת החוקה על זכות חוקתית לסביבה ראויה; שאילתות ויוזמות חקיקה סביבתיות.,2,60,60,"חיפוש עמוק: נמצאו עוגנים משמעותיים. יו""ר שדולת חיים משותפים; ניהל דיון על מעמד השפה הערבית בוועדת החוקה; ביקור ברמאללה ועמדה ברורה על שיתוף פעולה עם מפלגות ערביות.",9,60,60,"חיפוש עמוק: נמצאו עוגנים חלקיים. ביקורות על מדיניות דיור, מחירי מוצרי קורונה ותקציב המדינה; הצעת חוק הוצאה לפועל לאסירים משוחררים. עיסוק בסוגיות כלכליות-חברתיות, לא ליבה.",7,40,40,זיקה אידאולוגית כללית למחנה השלום; תמיכה בפתרון מדיני. אין בתיק פעילות ביטחונית-מדינית קונקרטית רחבה מעבר לעמדה מוצהרת.,0,40,40,"חיפוש עמוק: נמצאו עוגנים שוליים. מאמר ייעודי, דיון בוועדת הכלכלה על חוק הרשות לפיתוח הנגב. אין הובלת מהלכים משמעותיים ייעודיים בתחום.",9,40,40,"חיפוש עמוק: נמצאו עוגנים שוליים. יו""ר שדולת תנועות הנוער; התבטאויות בוועדת החינוך על קבלת צעירים ערבים להשכלה גבוהה; נאום על מתווה לסטודנטים מילואימניקים.",21,60,60,"סיורי נוכחות מגינה עם ""בני אברהם"" בחלחול וגוש עציון, ליווי חקלאים, תיעוד",6,20,40.4,"חינוך יהודי-פלורליסטי ברפורמית, לא חינוך ציבורי",14,80,80,"יוזם עיגון עקרון השוויון בחוק יסוד, כולל שוויון מגדרי — הובלה חוקתית ממוסדת בנושא",7
תומר אביטל,100,96.1,"עוגן ליבה מרכזי. מייסד 'שקוף', מקים 'לובי 99', מוביל 'מאה ימים של שקיפות' — שנים של עשייה עקבית ומתועדת לשקיפות שלטונית ופיקוח על נבחרי ציבור.",3,60,68.1,"תמיכה בחוקה שתסדיר יחסי דת ומדינה; ראיון ב'דמוקרטיי-וי'. עמדה חלקית — מקור בודד, אין עשייה רחבה בתחום.",18,80,82.1,ערר ג'מיני: שינוי מ-2 ל-4. מייסד ומנהל 'שקוף'; מקים 'לובי 99'; נוכחות מתועדת בפרוטוקולי ועדות כנסת; ניסיון בגיוס משאבים וניהול קמפיין ציבורי.,6,80,80,"ערר ג'מיני: שינוי מ-1 ל-4. מאמרים על משבר האקלים, הצעות מדיניות (חקלאות בת-קיימא, שמורות טבע, מיחזור), יוזמת 'ריפוי הקיטוב' על אקלים.",3,20,20,ערר ג'מיני: שינוי מ-0 ל-1. רמזים עקיפים בלבד — קשר לפעילות ב'נשים עושות שלום'. אין פעולה ממוקדת מתועדת.,22,80,80,"ערר ג'מיני: שינוי מ-2 ל-4. מסמך מדיניות מפורט (פירוק מונופולים, חסמי יבוא), מאמרים ב'שקוף' על מס הסוכר ותאגידי המזון, ראיונות מרובים בנושא.",2,40,40,ערר ג'מיני: שינוי מ-0 ל-2. מאמר 'דם על ידינו' (אוגוסט 2024); פודקאסט עם אלוף במיל' דני יתום; מסמך מדיניות עם עמדה בעד פתרון מדיני.,0,0,0,גם לאחר ערר ג'מיני (9 שנים) — לא נמצא עוגן ממשי. נשאר 0.,0,60,60,ערר ג'מיני: שינוי מ-0 ל-3. מאמר על אקלים ודורות הבאים; מאמר על חינוך ביקורתי בבתי ספר; כתב: 'אחת הסוגיות הדחופות של הדור הבא'.,6,0,0,,0,0,0,,0,40,40,הובלה ציבורית,0
גבי לסקי,100,94.6,"עוגן ליבה מובהק ומתמשך. עורכת דין לזכויות אדם, פעילות נגד פגיעה בדמוקרטיה, ייצוג משפטי של מפגינים, מאבק נגד הרפורמה המשפטית — עשרות שנים של עשייה עקבית בתחום.",4,80,80.6,יוזמת הצעות חוק קונקרטיות: נישואים אזרחיים ותחבורה ציבורית בשבת (כנסת ה-24). עמדה ליברלית עקבית בהפרדת דת ומדינה. לא הגיע לרמת ליבה מובהקת — אין עיסוק רחב בכל מרכיבי התחום.,5,60,66.6,"תפקידים ציבוריים-ניהוליים מצטברים: מזכ""לית ""שלום עכשיו"", חברת מועצת עיר תל אביב, ח""כית. ניסיון ניהולי ממשי, אך לא ניהול מערכות ממשלתיות גדולות.",0,60,60,"חברות בשדולה הסביבתית-חברתית בכנסת, חתימה על יוזמות אקלים. עוגן ממשי אך חלקי — אין עדות לעיסוק מרכזי בתחום הסביבה.",6,60,60,"פעלה להגנה על זכויות הייצוג של נבחרי ציבור ערבים ורואה בפגיעה בהם פגיעה בדמוקרטיה. עמדה עקבית, אך לא נמצאה פעילות מתועדת רחבה ייעודית לתחום.",10,60,60,"חיפוש עמוק: עוגנים חלשים — חברות בוועדת הכלכלה, הצעת חוק, ראיון. עוגן בסף המשמעותי החלקי, ללא פירוט מדיניות כלכלית מעמיקה.",8,100,100,"עוגן ליבה ברור ומתמשך. מזכ""לית ""שלום עכשיו"" לשעבר, התנגדות מתועדת להתנחלויות, תמיכה בפתרון שתי המדינות — עמדה עקבית ומוצהרת לאורך שנים.",1,0,0,"לא נמצא עוגן עובדתי — לא בתיק הגולמי ולא בוועדת הערר (ג'מיני, טווח 3.5 שנים). נותר 0.",0,60,60,"שופר מ-0 בוחיפוש עמוק ג'מיני. עוגנים: הצעת חוק עבודת נוער (תיקון מס' 21 — 2021), ייצוג משפטי של קטינים פלסטינים, הצהרות על אחריות לדורות הבאים בנושא אקלים.",7,90,90,"ייצוג משפטי של פלסטינים בבתי משפט צבאיים — עאהד תמימי, בצלם, אנרכיסטים נגד גדרות",1,0,0,,0,70,70,"יו""ר הוועדה העירונית לקידום מעמד האישה ולשוויון מגדרי בעיריית תל אביב-יפו — הובלה מוסדית בתחום",11
ענבר בזק,60,66.9,חיפוש עמוק: חיזוק לרמת משמעותי חלקי. מאמר מעריב על חוזה חברתי חדש; תמיכה בדמוקרטיה פנים-מפלגתית; שיוך מפלגתי למחנה מגן הדמוקרטיה. אין פעילות פרלמנטרית ישירה בתחום.,0,0,0,"לא נמצא עוגן. ועדת הערר החזירה תגובה ריקה. שיוך מפלגתי מרמז על עמדה ליברלית, אך אין בסיס עובדתי להכליל.",0,80,80.9,"ניהול חברה כלכלית-אזורית, הובלת תנועה ארצית לעצמאים, כהונה כח""כית — מצטרפים לתמונת ניהול ציבורי מגוון ומוכח.",7,40,40,מקורו ברכיב החברתי-כלכלי (מאבק לצדק חברתי לעצמאים). חיפוש עמוק לא מצאה עוגן סביבתי. 'פיתוח בר-קיימא' מוזכר באתר אישי ללא גיבוי ממשי.,12,0,0,לא נמצא עוגן — לא בתיק ולא בוועדת הערר.,0,80,80,עוגן ליבה ממוקד. ייסדה והובילה את 'עצמאים עושים שינוי' (מ-2015) — מאבק ממושך לרשת ביטחון סוציאלית לעצמאים ולהפחתת רגולציה על עסקים קטנים.,3,40,40,"חיפוש עמוק: עוגן שולי. ביטחון לאומי דרך 'חקלאות = ביטחון', שיקום הצפון, נאום בהפגנה להשבת חטופים. אין עמדה ישירה בנושאי שלום או מדיניות צבאית.",0,80,80,"עוגן חזק וברור. תושבת הגליל; מנכ""לית החברה הכלכלית גליל עליון (2022–2025), כולל שיקום יישובי הצפון לאחר המלחמה; פעילות ניהולית-אזורית מוכחת.",2,20,20,"חיפוש עמוק: עוגן שולי בלבד. דיון כנסת אחד — השתתפות כמנכ""לית גליל עליון בדיון על סטודנטים כמנוע צמיחה לצפון. לא תחום פעילות מרכזי.",0,0,0,,0,0,0,,0,60,60,פעילה עקבית נגד אי-שוויון מגדרי; ניהלה מאמץ העצמת נשים בצפון הארץ לצד הובלה ציבורית בנושא,13
ערן עציון,80,82.4,חיפוש עמוק: חיזוק לרמת התאמה חזקה. הצהרת חזון כתובה על שלטון החוק; מאמרים על ההפיכה המשטרית; ראיונות בפודקאסטים מרכזיים; נאום בהפגנה (מודיעין 2026). נושא מרכזי בפעילותו הפוליטית.,9,60,68.4,"חיפוש עמוק: נמצא עוגן ממשי. מאמר מפורט (זמן ישראל, 2025): קריאה להפרדת דת-מדינה, גיוס שוויוני, נישואין אזרחיים, תחבורה בשבת. עוגן חזק אחד — לא עשייה מתמשכת.",16,80,82.4,"ניסיון בכיר: סגן ראש המל""ל, ראש חטיבת תכנון מדיני במשרד החוץ, קונסול ישראל בסן פרנסיסקו. למעלה מ-20 שנה של ניהול מוסדי בכיר במגזר הציבורי.",3,40,40,חיפוש עמוק: נמצא עוגן שולי. מאמר ב'שקוף' (יוני 2026): משבר האקלים כאיום ביטחוני לאומי. עוגן יחיד — לא פעילות מרכזית בתחום.,13,20,20,"התבטאויות כלליות על שוויון אזרחי; קריאה לכלול מפלגות ערביות ב""גוש חוסם"" (מודיעין 2026). זיקה נקודתית, אין עשייה מיוחדת.",23,20,20,חיפוש עמוק: עוגן שולי בלבד. עיסוק כלכלי שולי מאוד — לא נמצאו עמדות כלכליות ספציפיות. רקע ביטחוני-מדיני ולא כלכלי.,0,100,100,"עוגן ליבה ישיר. סגן ראש המל""ל וראש החטיבה לתכנון מדיני במשרד החוץ — למעלה מ-20 שנות שירות בכיר בביטחון לאומי ומדיניות חוץ. דובר מרכזי בנושאי אסטרטגיה לאומית.",2,0,0,חיפוש עמוק לא מצאה עוגן. אין תיעוד לפעילות פיתוח פריפריאלי.,0,0,0,"חיפוש עמוק לא מצאה עוגן. אין תיעוד לפעילות בנושאי חינוך, צעירים או השכלה גבוהה.",0,70,70,"ממובילי ""מסתכלים לכיבוש בעיניים"" — נוכחות יומית בשטח ותיעוד תקיפות",3,0,0,,0,30,30,הובלה ציבורית,0
רונן צור,80,82.4,"עוגן מרכזי ועקבי. מייסד ויו""ר תנועת 'דגל ישראל'; פעיל מחאה בולט נגד הרפורמה המשפטית; הצהיר על מטרה 'להעביר חוקי דמוקרטיה'; כינה כלי תקשורת 'מכונת רעל' שיש להסיר. נושא ליבה בפעילותו הפוליטית.",10,20,40.4,חיפוש עמוק: עוגן שולי. ראיון ב-103FM: התנגד להדרת מפלגות חרדיות על בסיס שיוך דתי. התבטאות נקודתית בהקשר פוליטי כללי — אין עמדה מסודרת בנושא.,0,60,68.4,"ח""כ בכנסת ה-16 (קצר); יו""ר מטה שליט; יו""ר 'דגל ישראל'; יועץ תקשורת ואסטרטגיה בכיר; מוביל חוגי בית במפלגת הדמוקרטים. ניסיון ניהול קמפיינים ציבוריים — לא ניהול מוסדי גדול.",0,0,0,חיפוש עמוק לא מצאה עוגן. אין מידע על עמדות סביבתיות או מדיניות רווחה.,0,0,0,חיפוש עמוק לא מצאה עוגן. אין התבטאויות או פעילות מתועדת בנושא.,0,20,20,"חיפוש עמוק: עוגן שולי בלבד. אמירה כללית בראיון (2024) על חשיבות 'חינוך, כלכלה ופריפריה'. אין מדיניות כלכלית מפורטת.",0,60,60,"יו""ר מטה המאבק לשחרור גלעד שליט — הוביל קמפיין ציבורי ממושך ומתוקשר. לאחר 7/10/2023, קול בולט בשיח החטופים ובביקורת על ניהול המשא ומתן. גישה הומניטרית-אזרחית, לא ביטחונית מקצועית.",15,0,0,חיפוש עמוק לא מצאה עוגן. אין מידע על עיסוק בתחום.,0,0,0,חיפוש עמוק לא מצאה עוגן. אין עמדות סדורות בנושאי חינוך או צעירים.,0,0,0,,0,0,0,,0,0,0,,0
אפרת רייטן,100,96.4,"חיפוש עמוק: עוגן מרכזי ועקבי. חברת ועדת החוקה, חוק ומשפט; חברה בוועדה לבחירת שופטים; בין הפעילות הבולטות במחאה נגד הרפורמה המשפטית. הגישה פניות לבג""ץ, נאמה במליאה שוב ושוב נגד שינוי שיטת הבחירה לשופטים. זהו תחום הליבה שלה.",2,80,82.4,"חיפוש עמוק: עוגנים חזקים ומגוונים. הצעת חוק בנושא, עימות פרלמנטרי, ראיון עומק, מאמר מדיניות ופעילות בוועדות הכנסת — כולם בתחום זה. התנגדות ל""חוק ההשתמטות"" ודרישה לשוויון בנטל.",3,80,82.4,"יו""ר ועדת העבודה, הרווחה והבריאות (כנסת ה-25); יו""ר סיעת העבודה בכנסת; פעילה פוליטית ותיקה עם ניסיון ניהולי מוסדי רחב.",4,60,60,"עוגן חברתי חזק דרך ועדת העבודה והרווחה, אך עיסוק סביבתי ספציפי — מוגבל. פרופיל חברתי-כלכלי ברור, פרופיל סביבתי פחות.",7,60,60,"חיפוש עמוק: התבטאויות ועוגנים פרלמנטריים על שוויון וחיים משותפים, כולל בוועדת המדע והטכנולוגיה. אין פעילות יזומה ועקבית ספציפית לקידום שותפות.",11,80,80,"יו""ר ועדת העבודה, הרווחה והבריאות; מאחורי שורת הצעות חוק בדיני עבודה, שכר מינימום ותנאי העסקה. עיסוק עמוק ומתמשך בזכויות עובדים ובנושאי רווחה.",4,60,60,חיפוש עמוק: פעילות עקבית בוועדות הכנסת הביטחוניות וביקורת על מדיניות הממשלה. דרשה דיון בוועדת החוץ והביטחון על הרחבת מטרות המלחמה. אין יוזמה מדינית שלום סדורה.,16,80,80,חיפוש עמוק: שתי הצעות חוק ממוקדות וייסוד שדולה ייעודית לפיתוח ושיקום אזורי הנגב והגליל — עוגן פרלמנטרי קונקרטי ומתועד.,3,80,80,חיפוש עמוק: תפקיד רשמי והצעות חוק ממוקדות בתחום הצעירים — עוגנים חזקים וקונקרטיים המעידים על פעילות עקבית ומובהקת.,2,0,0,,0,0,0,,0,80,80,הובילה את חוק השוויון (הצעת חוק יסוד) לעיגון שוויון בין נשים לגברים וזכויות הקהילה הגאה כמפעל מרכזי בפעילותה,8
משה רדמן,100,94.6,עורך דין ופעיל זכויות אדם מזוהה. פעיל בולט במחאה נגד הרפורמה המשפטית; חתום על עצומות ומניפסטים בתחום; הציג חזון דמוקרטי סדור בראיונות ופורומים. תחום הליבה של פעילותו הציבורית.,5,60,66.6,"חיפוש עמוק: נאומים, ראיונות והצגת חזון חינוכי בתחום דת ומדינה. חסרים ממצאים פורמליים כגון הצעות חוק או מסמכי מדיניות.",20,60,66.6,פעילות ציבורית ענפה כמוביל קמפיינים ועצומות; ניסיון ניהולי בארגוני חברה אזרחית. אין ניסיון ניהול מוסדי ממשלתי או פרלמנטרי.,0,40,40,"חיפוש עמוק: עוגן חברתי דרך תוכנית החינוך, אך ללא כל עוגן סביבתי-ירוק. פרופיל חברתי חלקי, פרופיל סביבתי — נעדר.",14,80,80,חיפוש עמוק: עוגנים חזקים ורבים — פעילות ציבורית מתועדת וראיונות עומק המעידים על עיסוק עקבי ורציף בנושא השותפות היהודית-ערבית.,3,80,80,"חיפוש עמוק: עוגנים מובהקים בראיונות ובפעילות ציבורית. חסרים מסמכי מדיניות רשמיים או הצעות חוק קונקרטיות, אך עמדות עקביות ומפורטות.",5,80,80,"חיפוש עמוק: הצגת מתווה מדיני וראיונות עומק בתחום. פעילות ציבורית-תקשורתית ולא מסגרת תפקיד רשמי, אך עוגנים מובהקים ועקביים.",7,0,0,חיפוש עמוק לא מצאה כל עוגן עובדתי קונקרטי הקושר את רדמן לפיתוח הנגב והגליל.,0,80,80,"חיפוש עמוק: תוכנית מדיניות סדורה ומפורטת בתחום החינוך המכוונת לדור הבא, וכן עיסוק בנושאים נוספים הנוגעים ישירות לצעירים.",3,0,0,,0,20,38.6,אזכור חינוך בקמפיין ללא פירוט,15,40,40,הובלה ציבורית,0
אבי דבוש,80,80.6,"מנכ""ל שומרי משפט — רבנים למען זכויות אדם; פעיל בולט במחאה נגד הרפורמה המשפטית; כתב ונאם רבות על הגנת הדמוקרטיה ושלטון החוק מנקודת מבט דתית-אזרחית.",14,80,80.6,"חיפוש עמוק: עוגנים חזקים — פעילות עקבית בצומת דת, חברה ומדינה דרך תפקידו הרשמי ופעילות ציבורית מתועדת. דובר מרכזי מהזרם הדתי-ליברלי.",6,80,80.6,"מנכ""ל שומרי משפט; יו""ר אספת הנציגים של כוח לעובדים; ניהל תחומי עבודה וסביבה בשתיל; הוביל קמפיינים ותנועות אזרחיות מרובות — ניסיון ניהולי רחב.",8,60,60,5 שנים ב'מגמה ירוקה'; הוביל את המאבק נגד תחנת הכוח הפחמית באשקלון; ניהל את התחום הסביבתי-קהילתי בשתיל; כתב אקדמית על צדק חברתי וסביבה.,8,80,80,"חיפוש עמוק: עוגנים חזקים ורבים — תפקיד רשמי, פעילות שטח, ראיונות עומק ומאמרים. פעילות עקבית בהגנה על זכויות פלסטינים ובקידום חיים משותפים.",4,60,60,"ממובילי הקמת ועד עובדים בקרן החדשה; מארגן קהילתי של משתתפי ויסקונסין; פעיל ב'כוח לעובדים'. עיסוק בזכויות עובדים, אך לא מדיניות כלכלית סדורה.",9,80,80,"ממייסדי 'התנועה לעתיד הנגב המערבי' שדרשה הסדרה מדינית לאחר מבצע צוק איתן; תומך ב'ארץ לכולם' (שתי מדינות, מסגרת קונפדרטיבית); פעיל עקבי בשיח הסיום המדיני.",8,80,80,"גדל באשקלון, התגורר בשדרות ובברור חיל, עבר לקיבוץ נירים; ממייסדי 'מועצת הנגב' ו'תנועת הפריפריות'; פעיל ותיק ועמוק בפיתוח הנגב המערבי.",4,40,40,"חיפוש עמוק: עוגנים חשיבתיים למען עתיד הפריפריה, אך אין עיסוק ישיר וקונקרטי בתחום הצעירים כקטגוריה נפרדת.",22,70,70,"מנהל ""רבנים לזכויות אדם""; נוכחות מגינה בגדה המערבית",4,0,0,,0,40,40,הובלה ציבורית,0
נעמה לזימי,80,81.2,פעילה במחאה נגד הרפורמה המשפטית; הצהרות עקביות על הגנת עצמאות מערכת המשפט; הצביעה נגד חקיקה אנטי-דמוקרטית בעקביות.,12,80,81.2,"חיפוש עמוק: הצעת חוק, ראיונות ופעילות פומבית בסוגיות ליבה — גיוס חרדים, לימודי ליבה, תחבורה ציבורית בשבת וייצוג המגזר החרדי.",4,60,67.2,"ח""כ ותיקה עם ניסיון פרלמנטרי רב; חברה בוועדות שונות. ניסיון ניהולי מוסדי — מוגבל יחסית לעומת תחומי הליבה שלה.",0,60,60,"עיסוק חברתי רחב (רווחה, פערים, דיור) אך עיסוק סביבתי-ירוק ספציפי — מוגבל. פרופיל חברתי חזק, פרופיל סביבתי חלקי.",9,80,80,"חיפוש עמוק: תפקיד רשמי, פעילות ציבורית והצעת חוק רלוונטית המצביעים על עיסוק בנושא — אם כי לא בעצימות גבוהה במיוחד.",5,100,100,"ח""כ ותיקה עם מסלול עקבי של חקיקה כלכלית-חברתית: העלאת שכר מינימום, הרחבת קצבאות, דיור בר-השגה. אחת הקולות הבולטים בכנסת בנושאי פערים כלכליים ומחירי מחיה.",1,80,80,"חיפוש עמוק: ייזום כנסים, התבטאויות עקביות בתקשורת ומאמר דעה בתחום. עמדות מגובשות ללא תפקיד רשמי בוועדות ביטחוניות.",9,80,80,חיפוש עמוק: שתי הצעות חוק ממוקדות וניהול ועדות כנסת שעסקו ישירות בפיתוח ותעסוקה בנגב ובגליל.,5,100,100,"פעילות חקיקתית ענפה בתחום הצעירים: רפורמות בחינוך, תעסוקת צעירים, הסדרת שוק הדיור לצעירים. מזוהה מאוד עם קידום זכויות ואינטרסים של הדור הצעיר.",1,20,20,"ביקור בשטח עם קהילות נוכחות מגינה (עם חגית עופרן); השתתפות, לא הובלה",9,80,81.2,"חברת ועדת החינוך, השקעה בחינוך ציבורי כמצע ליבה",3,90,90,"יוזמת יום הדיור הציבורי בכנסת עם דגש על נשים מוחלשות; קישרה באופן עקבי בין פמיניזם, אלימות נגד נשים ומדיניות ממשלתית",4
סומיה בשיר,80,77.6,"חיפוש עמוק: נאומים, השתתפות בהפגנות והתמודדות פוליטית בתחום הדמוקרטיה. פעילות ציבורית אינטנסיבית — ללא מסמכים פורמליים.",0,60,63.6,"חיפוש עמוק: מאמר דעה, ראיון ונאום בנושאי יחסי אזרח-מדינה וערכים דמוקרטיים. אין התייחסות ישירה לסוגיות ליבה כגון נישואין, כשרות או שבת.",23,60,63.6,חיפוש עמוק: מנהיגות ציבורית אזרחית פעילה. אין תפקיד רשמי כדירקטורית או בתפקיד ציבורי ממלכתי.,0,0,0,חיפוש עמוק לא מצאה עוגנים עובדתיים בתחום.,0,80,80,"עורכת דין ופעילת זכויות אדם ערבייה-ישראלית; עיסוק עקבי בקידום שותפות, שוויון ודו-קיום; פעילה בארגונים משותפים ובפורומים בין-לאומיים.",6,0,0,חיפוש עמוק לא מצאה עוגנים עובדתיים בתחום.,0,80,80,"חיפוש עמוק: ראיונות עומק, מאמרים, פאנלים ונאומים — עיסוק עקבי ופומבי בנושאי שלום, ביטחון ודו-קיום.",10,0,0,חיפוש עמוק לא מצאה עוגנים עובדתיים בתחום.,0,0,0,חיפוש עמוק לא מצאה עוגנים עובדתיים בתחום.,0,0,0,,0,0,0,,0,20,20,הובלה ציבורית,0
יאיא פינק,80,81.2,פעיל בולט במחאה נגד הרפורמה המשפטית; הצהרות עקביות בהגנה על עצמאות מערכת המשפט; השתתפות פעילה בפורומים דמוקרטיים.,13,60,67.2,עמדות ברורות בנושאי דת ומדינה; הצהרות בראיונות על הפרדת דת ומדינה וחופש פרט. אין פעילות חקיקתית רשמית.,19,100,95.2,"מנכ""ל ארגון גדול ומורכב; ניסיון ניהולי רב-שנים בעמדות בכירות; הוביל תהליכים ארגוניים ואסטרטגיים משמעותיים. תחום הליבה הבולט ביותר שלו.",1,20,20,"חיפוש עמוק: עשייה חברתית מתועדת ללא כל עוגן סביבתי. פרופיל חברתי קיים, פרופיל ירוק — נעדר.",23,60,60,חיפוש עמוק: פעילות סולידריות אזרחית מתועדת — תגובה חזקה לאירוע קיצון. פחות יוזמה מתמשכת ואין עוגנים נוספים.,12,80,80,"עיסוק עקבי בנושאי כלכלה חברתית, פערים ותעסוקה; עמדות מפורטות בתחום הכלכלי-חברתי בראיונות ובפורומים.",6,60,60,חיפוש עמוק: פעילות ציבורית והתבטאויות עקביות בנושאי צבא-חברה וצורך בשילוב אסטרטגיה מדינית. ללא תפקיד רשמי או מסמך מדיניות.,17,0,0,חיפוש עמוק לא מצאה עוגנים עובדתיים בתחום.,0,60,60,חיפוש עמוק: פעילות ותפקיד רשמי הנוגעים לצעירים כחלק מפעילות חברתית רחבה. אין עיסוק ממוקד ומתמשך בנושא.,8,60,60,גיוס 1.5M ₪ לנפגעי חווארה; נוכחות מגינה במצעד הדגלים; תיעוד אלימות מתנחלים,7,0,0,,0,60,60,"יו""ר האגף לצדק חברתי ושוויון מגדרי בהסתדרות; קידם שוויון בשוק העבודה ושוויון דתי-מגדרי (גישת נשים לרבנות)",14
מיכל רוזין,100,94.6,"ח""כ לשעבר ממרצ; מזוהה עמוקות עם מאבק זכויות אדם ושלטון החוק; פעילה בולטת נגד הרפורמה המשפטית; עיסוק עקבי ומתמשך בהגנה על הדמוקרטיה ועצמאות מערכת המשפט.",6,0,0,חיפוש עמוק לא מצאה עוגנים עובדתיים בתקופה הנדרשת.,0,80,80.6,"כיהנה כח""כ וכחברת ועדות בכנסת; ניסיון פרלמנטרי ופעילות ציבורית ענפה; מוכרת כדמות מנהיגותית בשמאל הישראלי.",9,60,60,חיפוש עמוק: פעילות חברתית-אזרחית משמעותית מתועדת לאחר סיום כהונתה בכנסת. אין עוגן סביבתי-ירוק — עיסוק חברתי בלבד.,10,0,0,חיפוש עמוק לא מצאה עוגנים עובדתיים בתקופה הנדרשת.,0,40,40,עיסוק חלקי בנושאי כלכלה חברתית ורווחה כחלק מהפעילות הפרלמנטרית הכללית. אין פעילות ממוקדת בתחום.,16,40,40,"התבטאויות פומביות בנושאי ביטחון (בפן החברתי-גיוס) ושלום. אין פעילות מדינית, חקיקתית או ביטחונית ישירה בתקופה הנדונה.",0,0,0,חיפוש עמוק לא מצאה עוגנים עובדתיים בתחום.,0,0,0,חיפוש עמוק לא מצאה עוגנים עובדתיים בתחום.,0,0,0,,0,40,52.6,מיזם אזרחים קטנים — חינוך לדמוקרטיה בגני ילדים.,9,100,100,"יו""ר שדולת השוויון התעסוקתי, שדולת הגאה ושדולת המאבק בסחר בנשים; חוקי זכויות להט""ב והטרדה מינית — מפעל ליבה בשתי כהונות פרלמנטריות",1
נמרוד שפר,80,82.4,פעיל בולט במאבק נגד הרפורמה המשפטית; אלוף (מיל') וחתום על 'מכתב הטייסים'; השתתפות עקבית בפורומים ובהפגנות בהגנת הדמוקרטיה.,11,60,68.4,חיפוש עמוק: ראיון עומק ממוקד והשתתפות בדיון בכנסת בתחום. חסרה יוזמה מתועדת כהצעת חוק או מסמך מדיניות.,17,80,82.4,ניסיון ניהולי בתפקידים בכירים; הוביל ארגונים ציבוריים; דמות מנהיגותית מוכרת בחברה האזרחית.,5,20,20,חיפוש עמוק: זיקה אפשרית אחת ('קיימות אקלימית מדינית') — חלשה ולא ממוקדת.,24,20,20,שיוך למסגרות והצהרות ערכיות — ללא פעילות ציבורית קונקרטית מתועדת בתחום.,24,20,20,חיפוש עמוק: התייחסות להשלכות כלכליות על מגזר ספציפי — לא עוגן בתחום הרחב של יוקר המחיה.,0,100,100,"חיפוש עמוק: אלוף (מיל') וסגן מפקד חיל האוויר; ראיונות עומק על אסטרטגיה צבאית (כאן, מיתווים, 103fm); מאמר חתום ב-תלם על כשלי תכנון המלחמה; חתם על 'מכתב הטייסים' והודח ממילואים בעקבותיו; קרא פומבית לרמטכ""ל לעצור את המלחמה — עיסוק עקבי ומתועד בתחום הביטחון הלאומי.",3,0,0,חיפוש עמוק לא מצאה עוגנים עובדתיים בתחום.,0,20,20,חיפוש עמוק: ממצאים כלליים ללא עוגן קונקרטי ממוקד בתחום הצעירים.,0,20,20,עמדות תקשורתיות על אלימות מתנחלים (דמוקרטTV); אין תיעוד פעולת שטח,10,0,0,,0,0,0,,0
אמילי מואטי,80,76.4,פעילה בולטת במאבק נגד הרפורמה המשפטית; עמדות עקביות בהגנת הדמוקרטיה ועצמאות מערכת המשפט; פעילות ציבורית מתועדת בתחום.,0,40,48.4,עמדות חלקיות בתחום — חיפוש עמוק לא מצאה עוגן קונקרטי בתקופה הנדרשת. ציון מקורי נשמר.,0,80,76.4,ניסיון ניהולי בתפקידים בכירים; מוכרת כדמות מנהיגותית; הובילה תהליכים ציבוריים ואסטרטגיים.,22,0,0,חיפוש עמוק לא מצאה עוגנים עובדתיים בתחום.,0,40,40,חיפוש עמוק: עיסוק עקרוני ופעילות ציבורית בנושא — ללא פעילות פרלמנטרית או הובלת מהלכים מדיניים.,17,0,0,חיפוש עמוק לא מצאה עוגנים עובדתיים בתחום.,0,80,80,עמדות מגובשות ועקביות בנושאי שלום וביטחון; פעילות ציבורית ותקשורתית בתחום; מזוהה עם שיח ביטחוני-מדיני ליברלי.,11,0,0,חיפוש עמוק לא מצאה עוגנים עובדתיים בתחום.,0,20,20,זיקה כללית בלבד — חיפוש עמוק לא מצאה עוגן קונקרטי. ציון מקורי נשמר.,0,0,0,,0,0,0,,0,80,80,יוזמת הצעת חוק חינוך מגדרי מכיתה א'; ממוקדת בהפחתת אלימות ופגיעות מיניות דרך חינוך מוקדם לשוויון,9
נאור נרקיס,80,79.4,חיפוש עמוק: פעילות ציבורית ותקשורתית עקבית בהגנת הדמוקרטיה הליברלית מפני תהליכי הדתה והקצנה. ללא הצעות חוק או מסמכי מדיניות רשמיים.,21,100,93.4,"הרב נאור נרקיס — רב ליברלי ואורתודוקסי מודרני; עיסוק מרכזי ועמוק ביחסי דת ומדינה, פלורליזם דתי וחופש מצפון; קול בולט בשיח הדתי-ליברלי בישראל.",2,40,51.4,מנהיגות קהילתית ורוחנית; הובלת ארגונים דתיים-ציבוריים. חיפוש עמוק לא מצאה עוגן ניהולי פורמלי — ציון מקורי נשמר.,0,20,20,חיפוש עמוק: התייחסות כתובה אחת עקיפה — אין פעילות קונקרטית בתחום הסביבתי.,0,20,20,חיפוש עמוק: התייחסויות אגביות בלבד — אין פעילות יזומה ועקבית בתחום.,0,60,60,עיסוק חלקי בנושאי כלכלה חברתית ושוויון הזדמנויות — בעיקר בהקשר של שילוב מגזרים בשוק העבודה.,10,20,20,חיפוש עמוק: התייחסויות לביטחון בהקשר ביקורת חברתית על המגזר הדתי — לא עיסוק ליבה בנושאי שלום.,0,0,0,חיפוש עמוק לא מצאה עוגנים עובדתיים בתחום.,0,0,0,לא נמצאו עוגנים עובדתיים בתחום.,0,0,0,,0,40,51.4,קריאה מוצהרת לחינוך ליברלי בחברה החרדית,11,30,30,הובלה ציבורית,0
דני אלגרט,80,79.1,פעיל בולט במאבק נגד הרפורמה המשפטית; השתתפות בוועדות כנסת ובהפגנות; עמדות עקביות בהגנת הדמוקרטיה.,0,60,65.1,חיפוש עמוק: התבטאויות קונקרטיות ומהלך פוליטי אחד. אינו ליבת פעילותו — אך עוגן ממשי.,22,80,79.1,"חיפוש עמוק: פעילות ציבורית ופוליטית עקבית בוועדות כנסת, תקשורת והפגנות — עוגנים חזקים של מנהיגות אזרחית.",20,0,0,חיפוש עמוק לא מצאה עוגנים בתחום.,0,20,20,חיפוש עמוק: התבטאות נקודתית בראיון — לא עשייה מתמשכת.,0,20,20,חיפוש עמוק: נוכחות בוועדה כנסת שעסקה ביוקר המחיה — עוגן חלש ביותר.,0,60,60,חיפוש עמוק: נאומים והופעות בכנסת בתחום. פעילות ציבורית מתועדת ללא תפקיד רשמי או חקיקה ממוקדת.,18,20,20,חיפוש עמוק לא מצאה עוגנים בתחום.,14,60,60,חיפוש עמוק: תפקיד חינוכי וכניסה לפוליטיקה כעוגנים. אין הצעות חוק קונקרטיות בתחום.,9,20,20,,0,80,79.1,,4,10,10,הובלה ציבורית,0
הדס רגולסקי,80,77.6,פעילה בולטת במאבק נגד הרפורמה המשפטית; עמדות עקביות בהגנת עצמאות מערכת המשפט; פעילות ציבורית מתועדת בתחום.,0,80,77.6,"פעילות ענפה בנושאי דת ומדינה, פלורליזם דתי וחופש מצפון; עיסוק עקבי ומתמשך בנושא מתוך הקשר חינוכי-ערכי.",15,80,77.6,ניסיון ניהולי ענף; הובילה ארגונים וגופים ציבוריים; דמות מנהיגותית מוכרת בחברה האזרחית.,21,0,0,חיפוש עמוק לא מצאה עוגנים בתחום.,0,0,0,חיפוש עמוק לא מצאה עוגנים בתחום.,0,0,0,חיפוש עמוק לא מצאה עוגנים בתחום.,0,60,60,חיפוש עמוק: תפקיד רשמי ופעולות מתועדות בתחום הביטחון-חברה. אין עשייה רחבה או הצעות חוק ממוקדות.,19,0,0,חיפוש עמוק לא מצאה עוגנים בתחום.,0,60,60,"חיפוש עמוק: עיסוק בחינוך, ערכים ועתיד צעירים. אין תוכנית מדיניות סדורה המוקדשת לתחום.",10,0,0,,0,0,0,,0,90,90,"מציגה שוויון מגדרי כציר מרכזי בפעילותה; ניסיון מוכח בארגון נשים, מאבק באלימות מגדרית ושילוב נשים במוקדי החלטה",5
חן אריאלי,80,80.6,"חיפוש עמוק: נאומים, מאמר, ראיון, תפקיד רשמי ופעילות ציבורית — עקבית במחאה נגד הרפורמה המשפטית.",15,20,38.6,חיפוש עמוק: עוגנים מועטים — עיקר הפעילות הרלוונטית קדמה לתקופת ההתייחסות.,0,80,80.6,"ניסיון ניהולי רחב — ראשות ארגונים, ניהול מכון מדיניות, הובלת תהליכים ציבוריים. תחום הליבה הניהולי שלה.",10,40,40,חיפוש עמוק: פעילות נקודתית וחברות בוועדת תכנון ובנייה — חסר תיעוד לפעילות יזומה מובילה.,15,0,0,חיפוש עמוק לא מצאה עוגנים בתחום.,0,40,40,חיפוש עמוק: החזקת תיק רווחה בעבר וקידום פרויקטים לאוכלוסיות מוחלשות — עוגן עקיף.,17,40,40,חיפוש עמוק: השתתפות במסגרות רלוונטיות והצהרת עמדות ברורה — ללא פעילות יוזמת קונקרטית.,0,0,0,חיפוש עמוק לא מצאה עוגנים בתחום.,0,60,60,חיפוש עמוק: ראשות ארגון נוער ומכון מדיניות כעוגנים. חסרים מסמכי מדיניות קונקרטיים המוקדשים לנושא.,11,0,0,,0,0,0,,0,100,100,"יו""ר אגודת הלהט""ב לשעבר; הובילה מאבק ציבורי רב-שנתי לשוויון מגדרי וייצוג נשים כאקטיביסטית פמיניסטית מרכזית",2
יאיר רובינשטיין,60,51.6,חיפוש עמוק: פעילות ציבורית עקבית ותפקיד רשמי בתנועה פוליטית בנושאי דמוקרטיה ודת-מדינה. חסרה פעילות פרלמנטרית.,0,100,79.6,"הרב יאיר רובינשטיין — רב ליברלי-אורתודוקסי; עיסוק מרכזי ועמוק בנושאי חופש דת, פלורליזם ויחסי דת-מדינה; קול מוביל בשיח הדתי-ליברלי.",12,20,23.6,חיפוש עמוק: תפקיד רשמי רלוונטי — ללא תיעוד לפעילות קונקרטית משמעותית במסגרתו.,0,40,40,חיפוש עמוק: פעילות ציבורית אחת בנושא אקלים ואנרגיה. עוגן מוגבל.,16,20,20,חיפוש עמוק: אמירה כללית באתר אישי — לא עוגן עובדתי קונקרטי.,0,0,0,חיפוש עמוק לא מצאה עוגנים בתחום.,0,60,60,חיפוש עמוק: מסמך מדיניות מפורט ('עזה 2.0') כעוגן חזק — עומד כמעט לבדו. אין פעילות פרלמנטרית או רשמית.,20,0,0,חיפוש עמוק לא מצאה עוגנים בתחום.,0,0,0,חיפוש עמוק לא מצאה עוגנים בתחום.,0,0,0,,0,40,37.6,עמדה על השתלטות המדינה על חינוך חרדי,19,0,0,,0
יעל כהן-פארן,60,65.4,פעילות ציבורית מתועדת בנושאי דמוקרטיה; רקע כחברת כנסת; עמדות עקביות בנושא.,0,0,0,לא נמצאו עוגנים — חיפוש עמוק מאשרת.,0,60,65.4,ניסיון כחברת כנסת ותפקיד ניהולי בפורום ציבורי; הנהגה בתחום המדיניות הסביבתית.,0,100,100,מנהלת תחום מדיניות בפורום הישראלי לאנרגיה; מובילה מדיניות אנרגיות מתחדשות; פועלת במסגרת פורום האקלים הישראלי — תחום ליבה מרכזי.,1,40,40,חיפוש עמוק לא מצאה עוגנים קונקרטיים — שומר על הערכה מקורית.,18,40,40,התחייבות כללית בתוכנית הבחירות — ללא פעילות קונקרטית בתקופת ההתייחסות. שומר על הערכה מקורית.,18,40,40,חיפוש עמוק לא מצאה עוגנים קונקרטיים — שומר על הערכה מקורית.,0,40,40,חיפוש עמוק לא מצאה עוגנים קונקרטיים — שומר על הערכה מקורית.,10,60,60,חיפוש עמוק: פעילות בפורום שמטרתו 'עתיד בר-קיימא לדורות הבאים' ושותפות בפורום האקלים — עוגן עקיף אך מתועד.,12,0,0,,0,0,0,,0,30,30,הובלה ציבורית,0
יריב אופנהימר,80,76.4,פעיל בולט במאבק נגד הרפורמה המשפטית; ביקורת עקבית על פגיעה בדמוקרטיה; נוכחות תקשורתית מרכזית בנושא.,0,40,48.4,חיפוש עמוק: השתתפות בדיון על חוק הגיוס ואמירה נגד טרור יהודי — עוגנים חלשים בתחום.,0,80,76.4,ניהול ארגוני שמאל ציבוריים לאורך שנים; מנהיגות אזרחית מוכרת ומוכחת.,23,0,0,חיפוש עמוק לא מצאה עוגנים בתחום.,0,20,20,חיפוש עמוק: התבטאויות כלליות בהקשר הסכסוך — ללא פעילות ייעודית בתחום השותפות.,0,20,20,"חיפוש עמוק: אזכורי נזק כלכלי במאמרי דעה ובפאנל — עיקרם ביקורת מדינית, לא פעילות ממוקדת.",0,100,100,מנהל קואליציית שתי המדינות ביוזמת ז'נבה; עשרות שנות פעילות ב'שלום עכשיו'; פובליציסט ורדיואי מוביל בנושאי שלום וסכסוך.,4,0,0,חיפוש עמוק לא מצאה עוגנים בתחום.,0,60,60,"חיפוש עמוק: הרצאה לצעירים בבאר שבע, דיון בגיוס ועיסוק בנוער הגבעות — עוגנים חלקיים אך מתועדים.",13,0,0,,0,0,0,,0,10,10,הובלה ציבורית,0
לי הופמן אגיב,80,79.4,פעילה מרכזית ב'בונות אלטרנטיבה' — ארגון מחאה נגד הרפורמה המשפטית; נשאה נאום מרכזי בהפגנה בבני ברק; מנהלת תפעול שטח ונציגת מפלגה.,22,20,37.4,חיפוש עמוק: אמירה נגד 'השתלטות המשיחיות' ונאום 'שוויון זכויות וחובות' — עוגנים חלשים בתחום.,0,40,51.4,ניהול שטח ב'בונות אלטרנטיבה'; דוברת מפלגה; אקטיביזם ציבורי מתועד. חסרים תפקידים רשמיים ומסמכי מדיניות.,0,0,0,חיפוש עמוק לא מצאה עוגנים בתחום.,0,0,0,חיפוש עמוק לא מצאה עוגנים בתחום.,0,20,20,חיפוש עמוק: שיח שוויון ו'חוזה חדש' — עוגן עקיף בלבד. אין פעילות ממוקדת ביוקר המחיה.,0,40,40,חיפוש עמוק: התבטאות בנושא ביטחון פנים והשתתפות באירוע 'ביטחון ותקווה' של המפלגה — עוגנים מוגבלים.,0,0,0,חיפוש עמוק לא מצאה עוגנים בתחום.,0,40,40,מפגש זום עם 'הדמוקרטים הצעירים בבאר שבע' — פעילות מפלגתית. שמור על הערכה מקורית.,23,0,0,,0,0,0,,0,60,60,הובלה ציבורית,0
עאיד בדיר,0,0,הדוסייה מציין אי-ודאות יסודית בנוגע לזהות המועמד — לא ניתן לקבוע עוגנים.,0,0,0,אין מידע מאומת.,0,0,0,אין מידע מאומת.,0,0,0,אין מידע מאומת.,0,0,0,אין מידע מאומת.,0,0,0,אין מידע מאומת.,0,0,0,אין מידע מאומת.,0,0,0,אין מידע מאומת.,0,0,0,אין מידע מאומת.,0,0,0,,0,0,0,,0,20,20,הובלה ציבורית,0
עלי סלאלחה,60,60.6,הצעת חוק לביטול חוק הלאום; פעילות ועדות כנסת; עמדה עקבית בנושאי שוויון אזרחי.,0,0,0,השתייכות למפלגות ליברליות — אך אין עמדות אישיות מפורטות בנושאי דת ומדינה.,0,80,74.6,"20 שנות ניהול תיכון עם תוצאות מדידות; כהונה כח""כ בכנסת ה-24 עם פעילות ועדתית; ניסיון פרלמנטרי מוכח.",24,0,0,לא נמצאו עמדות או פעילות בתחום הסביבה.,0,80,80,פוליטיקאי דרוזי הפועל בצלב מפלגות ציוניות-ליברליות; התנגדות מפורשת לחוק הלאום; ניהול בית-ספר כגשר בין-עדתי; סמל מוכר לשותפות אזרחית.,7,60,60,"הצעות חוק להוזלת תרופות (ביטול מע""מ) ופיקוח על מחירי בדיקות קורונה; עיסוק פרלמנטרי ממוקד.",11,0,0,לא נמצאו עמדות מפורטות בנושאי הסכסוך הישראלי-פלסטיני.,0,60,60,תושב בית ג'ן (גליל); ייצוג הפריפריה כנושא מרכזי; הצעת הקפאת חוק קמיניץ לטובת בנייה ביישובים ערביים-דרוזיים.,7,40,40,20 שנה בחינוך תיכוני — עוגן חינוכי ברור. אין מדיניות ספציפית בנושא הדור הבא מעבר לתחום החינוך.,24,0,0,,0,100,88.6,"מנהל תיכון ~20 שנה, בית ג'ן #1 בבגרות, חינוך בפריפריה",2,0,0,,0
מוסי רז,80,74.6,פעיל בולט במאבק נגד הרפורמה המשפטית; עמדות עקביות בהגנת מוסדות הדמוקרטיה; נוכחות תקשורתית מרכזית בנושא.,0,40,46.6,חיפוש עמוק לא מצאה עוגנים — שמור על הערכה מקורית.,0,80,74.6,"ח""כ לשעבר; מנהיגות פוליטית ארוכת שנים במרצ; מנכ""ל ארגון 'שתיל' — ניסיון ניהולי ציבורי מוכח.",0,80,80,"מייסד ומנכ""ל 'שתיל' — עמותת סביבה מרכזית בישראל; עשרות שנות פעילות בתחום הסביבה; תחום הליבה ההיסטורי שלו.",4,60,60,"חיפוש עמוק: ראיון עומק, ראיון רדיו ואמירות פומביות בנושא שוויון אזרחי ויחסי יהודים-ערבים בתקופת ההתייחסות.",13,40,40,חיפוש עמוק לא מצאה עוגנים — שמור על הערכה מקורית.,19,100,100,"ח""כ לשעבר מרצ; פעילות ממוקדת בנושאי שלום, פתרון שתי המדינות, ותנגדות להתנחלויות לאורך שנים; קול עקבי במחאה נגד מדיניות הממשלה בעזה.",5,0,0,חיפוש עמוק לא מצאה עוגנים בתחום.,0,0,0,חיפוש עמוק לא מצאה עוגנים בתחום.,0,80,80,"נוכחות מגינה עם ""לוחמים לשלום"" בכפרים פלסטיניים מול אלימות מתנחלים, לאורך שנים",2,0,0,,0,30,30,הובלה ציבורית,0
מורן מישל,80,80.6,ממובילות המחאה נגד הרפורמה המשפטית; מייסדת 'הסתדרות העצמאים'; נוכחות תקשורתית מרכזית בנושאי דמוקרטיה.,16,60,66.6,חיפוש עמוק: מצע הכולל עצירת כפייה דתית וביטול מונופול הרבנות; השתתפות מפגש ציבורי ממוקד דת-מדינה; ראיון עומק בפודקאסט.,21,80,80.6,"מנכ""לית לשעבר של 'הסתדרות העצמאים'; מנהיגות אזרחית מוכחת; הקמת 'יוצאים לדרך חדשה' לאחר 7 באוקטובר.",11,20,20,שמור על הערכה מקורית — חיפוש עמוק לא מצאה עוגנים בתקופת ההתייחסות.,0,20,20,ערר עוגן אישי: זיקה כללית ועקיפה בעוגן אישי מוצהר — חינוך משותף לערבים וחרדים. ללא אימות חיצוני.,0,40,40,שמור על הערכה מקורית — חיפוש עמוק לא מצאה עוגנים ממוקדים.,20,60,60,"חיפוש עמוק: מאמר בהארץ על כישלון מדיניות הנשק, הקמת 'הבלתי נפרדים' (גשר מחאה-שטחים), הקמת 'חדר מלחמה' לאחר 7/10.",21,40,40,"ערר עוגן אישי: זיקה מוצהרת לפריפריה, אזורי עדיפות לאומית בצפון ובדרום, צמצום פערים. ללא אימות חיצוני — תקרת ציון 2.",11,60,60,ערר עוגן אישי: סדרת רשת 'החינוך בראש' (אוגוסט 2024); פודקאסט רדמן; הרצאה 'משפחה כן בוחרים'; קהילת חינוך במיקרוסופט. אימות חיצוני מצדיק 3.,14,0,0,,0,60,66.6,"מנכ""לית 'עוגן לעתיד', ניהול קהילות חינוך במיקרוסופט",5,70,70,אקטיביסטית ממובילות המחאה נגד הרפורמה המשפטית בתחומי מניעת פגיעות מיניות ושוויון לנשים,12
נדאל מסאלחה,60,62.4,עורך דין; השתתפות במפגשי ציבור בנושאי דמוקרטיה ושוויון; פעילות מפלגתית עקבית בנושא.,0,20,34.4,חיפוש עמוק: מפגש ציבורי על 'ביטול הקשר בין ממסד דתי לשלטון' — עוגן נקודתי.,0,20,34.4,חיפוש עמוק: פעילות ציבורית ומפלגתית; נאום בהפגנה — ללא תפקיד ניהולי רשמי.,0,0,0,חיפוש עמוק לא מצאה עוגנים בתחום.,0,60,60,ערבי-ישראלי פעיל במפלגה ציונית-ליברלית; השתתפות במפגש על 'שותפות ותקווה'; עמדות ציבוריות על שוויון אזרחי.,14,20,20,חיפוש עמוק: התבטאות בוועדת כנסת על השלכות הפשיעה על יציבות כלכלית — עוגן עקיף.,0,40,40,חיפוש עמוק: דיון בכנסת על פשיעה בחברה הערבית; מפגש על ביטחון; נאום בהפגנה.,0,0,0,חיפוש עמוק לא מצאה עוגנים בתחום.,0,40,40,חיפוש עמוק: התבטאות בוועדת כנסת על צעירים עוברי חוק וכשל מערכתי — עוגן חלקי.,0,0,0,,0,0,0,,0,0,0,,0
מורן זר כצשטיין,80,80.6,"מייסדת ויו""ר 'בונות אלטרנטיבה'; ממובילות המחאה נגד הרפורמה המשפטית; נאומים בהפגנות מרכזיות (קפלן 2024, הבימה 2026).",17,80,80.6,"חיפוש עמוק: מאמר בנושא 'היהדות האמיתית', ראיון עומק בפודקאסט על כפייה דתית, נאומים על הדרת נשים, הצטרפות למפלגה עם מצע נישואים אזרחיים.",7,80,80.6,"ייסוד וניהול עמותת 'בונות אלטרנטיבה'; לשעבר קצינה בצה""ל ועובדת שב""כ; מנהיגות אזרחית מוכחת.",12,40,40,חיפוש עמוק: כנס תחבורה ציבורית 2024; ביקורת על מדיניות שמורות טבע — עיסוק עקיף.,17,20,20,חיפוש עמוק: הצהרת עמדה כללית באתר הבית; אין עוגנים ייעודיים לפעילות.,0,60,60,"חיפוש עמוק: מאמר בכלכליסט על נשים ותוצר, תוכנית 'בונות כלכלה' לעסקים של נשים, מסמכי עמותה על עצמאות כלכלית.",12,60,60,"חיפוש עמוק: מאמרים על חוק הגיוס ונשים בצה""ל; מאמר ב-ynet על זכויות נשים וביטחון; נאום בעצרת מחאה.",22,0,0,חיפוש עמוק לא מצאה עוגנים בתחום.,0,0,0,חיפוש עמוק לא מצאה עוגנים בתחום.,0,0,0,,0,20,38.6,"הוראה במכללה למנהל, ללא מדיניות חינוך",16,100,100,"מייסדת תנועת ""בונות אלטרנטיבה"" וקואליציית ארגוני הנשים; ממובילות מאבק הנשים בעשור האחרון",3
נאווה רוזוליו,100,93.4,מייסדת 'משמרות הבושה' (מרץ 2023); סמל המחאה הדמוקרטית; עוצמת נוכחות ציבורית יוצאת דופן בהגנת שלטון החוק.,7,80,79.4,הצהרה פומבית על הפרדה מוחלטת דת-מדינה; פעילות ממוקדת בנושאי שוויון דתי ואישיות.,13,60,65.4,"חיפוש עמוק: ייסוד 'משמרות הבושה', ראיונות עומק מרובים, השתתפות בוועדות כנסת, פאנלים ציבוריים עם ח""כ.",0,0,0,חיפוש עמוק לא מצאה עוגנים בתחום.,0,40,40,חיפוש עמוק: הצהרת תמיכה בשותפות מלאה בראיון; נאום בהפגנה 'למאבק אזרחי יהודי-ערבי' — עמדה חלקית.,19,0,0,חיפוש עמוק לא מצאה עוגנים בתחום.,0,60,60,"חיפוש עמוק: מאמר דעה נגד בנייה ב-E1; מאמר על חטופים ולגיטימיות המלחמה; ציטוט הרמטכ""ל — עמדה ביטחונית ברורה.",23,0,0,חיפוש עמוק לא מצאה עוגנים בתחום.,0,0,0,קובץ ערר לא כלל ציון — שמור על הערכה מקורית.,0,0,0,,0,0,0,,0,30,30,הובלה ציבורית,0
ענבל וורטמן שהם,80,80.6,חיפוש עמוק: נאום בהפגנה בחיפה נגד חקיקה מחלישת בית המשפט; מאמר 'החצר האחורית' על כשלי שלטון; השתתפות באירוע 'הפיכה משטרית'.,18,0,0,חיפוש עמוק לא מצאה עוגנים בתחום.,0,80,80.6,חיפוש עמוק (חיצוני): ניהול עמותת רווחה; מאמרי מדיניות; מפגשי 'מהקהילה למדינה'; פריימריז (3→4).,13,20,20,חיפוש עמוק: פעילות חברתית ענפה ברווחה ומוגבלות; ללא עוגן סביבתי מובהק — זיקה חברתית בלבד.,0,60,60,"ערר + עוגן אישי: מפגש פוליטי עם עו""ד גאלב סלאמנה בעמוקה; מסמך מדיניות על אלימות במגזר הערבי (1→3).",15,40,40,"ערר + עוגן אישי: מאמרי 'מדינת רווחה נסוגה' — ביטחון כלכלי עקיף, לא יוקר מחיה ישיר (1→2).",21,60,60,חיפוש עמוק: נאום בהפגנה לשחרור חטופים; מפגש על 'עתיד אזורים מופגזים'; מאמר על ביטחון חברתי כביטחון.,24,100,100,"עוגן זהותי-פריפריאלי מובהק: 'קול הצפון', מגורים בצפון, נוכחות מגינה בבקעה, פעילות רווחה בגליל-גולן (לוטם יניב); ליבת הפרופיל (3→5).",1,80,80,חיפוש עמוק: מאמר על דור שגדל ללא אלטרנטיבה רעיונית; ייסוד עמותת 'אבני דרך לחיים' לצעירים אוטיסטים; ריאיון עומק ופעילות עמותה עקבית.,4,70,70,"נוכחות מגינה בבקעת הירדן, ליווי קהילות רועים, תיעוד מגוף ראשון",5,20,38.6,זיקה הצהרתית לחינוך ציבורי כשוויון הזדמנויות.,17,40,40,ארגון והקמה,0
אומיימה חאמד,40,51.4,שמור על הערכה מקורית — חיפוש עמוק לא מצאה עוגנים נוספים; פעילה במרצ עם זיקה כללית לנושא.,0,40,51.4,שמור על הערכה מקורית — חיפוש עמוק לא מצאה עוגנים ממוקדים בתחום.,24,40,51.4,שמור על הערכה מקורית — חברת ועידה והנהלת מרצ; חיפוש עמוק לא מצאה עוגנים ממוקדים.,0,0,0,חיפוש עמוק לא מצאה עוגנים בתחום.,0,40,40,שמור על הערכה מקורית — עורכת דין ערביה-ישראלית במרצ; הצהרות עמדה על חיים משותפים.,20,0,0,חיפוש עמוק לא מצאה עוגנים בתחום.,0,0,0,חיפוש עמוק לא מצאה עוגנים בתחום.,0,0,0,חיפוש עמוק לא מצאה עוגנים בתחום.,0,40,40,שמור על הערכה מקורית — חיפוש עמוק החזירה קובץ ריק; ציון מקורי נשמר.,0,0,0,,0,0,0,,0,20,20,עשייה בשטח,0
גאלב סלאמנה,60,65.4,"סיוע משפטי התנדבותי לעצורי המחאה; ראיונות על 'מעצרים פוליטיים'; השתתפות במפגש 'הפיכה משטרית'; (ערר, 2→3).",0,80,79.4,"חיפוש עמוק: ראיון עומק בפודקאסט 'החופש לבחור' על זהות מוסלמית, דת ושירות צבאי; תפקיד רשמי בגוף מפלגתי; פעילות ציבורית על 'מדינה שוויונית לכולם'.",14,80,79.4,חיפוש עמוק: רכז מיעוטים בדמוקרטים הצעירים (תפקיד רשמי); ראיונות עומק מרובים; ניהול מערך עוטף עצורים; מפגשי ציבור.,18,0,0,חיפוש עמוק לא מצאה עוגנים בתחום.,0,100,100,"עורך דין ערבי-מוסלמי ששירת בצה""ל; מגן על עצורי המחאה היהודית; מינוי רשמי לרכז מיעוטים בדמוקרטים הצעירים; מפגשי ציבור על 'חיים משותפים'.",1,0,0,חיפוש עמוק לא מצאה עוגנים בתחום.,0,60,60,חיפוש עמוק: מפגש ציבורי על שלום יהודי-ערבי; התבטאות על חוסר משילות ואלימות בחברה הערבית; שירות צבאי בעבר.,0,0,0,חיפוש עמוק לא מצאה עוגנים בתחום.,0,60,60,חיפוש עמוק: התבטאות בוועדת כנסת על קיצוץ תקציבים לצעירים ערבים; תפקיד בתנועת הצעירים; ראיון על פחד הורים בחברה הערבית.,15,0,0,,0,0,0,,0,0,0,,0
איהאב שליאן,60,66.6,"חיפוש עמוק: פעילות בנושאי זכויות אזרח ושלטון חוק בהקשר הערבי-ישראלי; (ערר, 0→3).",0,80,80.6,"חיפוש עמוק: פעילות ציבורית בנושאי זהות ודת בחברה הערבית; ראיונות על יחסי דת-מדינה בהקשר מיעוטים; (ערר, 2→3.5→4).",8,80,80.6,"תפקידי ניהול ציבורי ומקצועי מתועדים; ייצוג קהילתי ומוסדי; (מקורי, ללא ערר).",14,0,0,לא נמצאו עוגנים בתחום.,0,60,60,"חיפוש עמוק: פעילות לחיזוק הקשר היהודי-ערבי; מעורבות בגישור קהילתי; (ערר, 1→2.5→3).",16,0,0,לא נמצאו עוגנים בתחום.,0,40,40,"פעילות ציבורית בנושאי אזרחות ושלום בחברה הערבית; (מקורי 2, NEVER LOWER).",0,20,20,"קשרים וזיקה לפיתוח האזורי; (מקורי 1, NEVER LOWER).",15,60,60,"חיפוש עמוק: מעורבות בנושאי צעירים בחברה הערבית; פעילות חינוכית וקהילתית; (ערר, 1→2.5→3).",16,0,0,,0,40,52.6,ראיונות ופעילות בנושא תקצוב מערכת החינוך הנוצרית.,10,60,60,ארגון והקמה + הובלה ציבורית,0
מאלק בדר,20,21.5,"חיפוש עמוק: עוגן ראשוני בנושא שלטון חוק; (ערר, 0→1).",0,0,0,לא נמצאו עוגנים בתחום.,0,0,0,לא נמצאו עוגנים בתחום.,0,0,0,לא נמצאו עוגנים בתחום.,0,0,0,לא נמצאו עוגנים בתחום.,0,0,0,לא נמצאו עוגנים בתחום.,0,20,20,"חיפוש עמוק: עוגן ראשוני בנושאי ביטחון וסדר ציבורי; (ערר, 0→1).",0,0,0,לא נמצאו עוגנים בתחום.,0,0,0,לא נמצאו עוגנים בתחום.,0,0,0,,0,0,0,,0,0,0,,0
מהרטה ברוך רון,40,52.6,"פעילות ציבורית בנושאי ממשל ושלטון; (מקורי 2, NEVER LOWER).",0,20,38.6,"זיקה ראשונית לנושאי חופש ודת; (מקורי 1, NEVER LOWER).",0,80,80.6,"תפקידי ניהול בכיר מתועדים; ניסיון בדירקטוריון ובהנהגה ציבורית; (מקורי, ללא ערר).",15,40,40,"זיקה לנושאים חברתיים-סביבתיים; (מקורי 2, NEVER LOWER).",18,0,0,לא נמצאו עוגנים בתחום.,0,60,60,"חיפוש עמוק: פעילות בנושאי ביטחון כלכלי ופיתוח; (ערר, 0→3).",13,40,40,"זיקה לנושאי ביטחון לאומי; (מקורי 2, NEVER LOWER).",0,80,80,"חיפוש עמוק: פעילות מוכחת בפיתוח הנגב; קשרים מוסדיים ועסקיים באזור; (ערר, 0→3.5→4).",6,20,20,"זיקה ראשונית לנושאי הדור הבא; (מקורי 1, NEVER LOWER).",0,0,0,,0,0,0,,0,80,80,"מנכ""לית עמותת 51 לשוויון מגדרי; פועלת להגדלת מספר הנשים במוקדי קבלת החלטות ובמוקדי כוח",10
איילת השחר סיידוף,80,80.6,"חיפוש עמוק: פעילות מובהקת בנושאי שלטון חוק ודמוקרטיה; מעורבות ציבורית מתועדת; (ערר, 0→4).",19,80,80.6,"חיפוש עמוק: פעילות מובהקת בנושאי הפרדת דת-מדינה וחופש הפרט; (ערר, 0→4).",9,80,80.6,"חיפוש עמוק: תפקידי הנהגה ציבורית מתועדים; ניהול ארגונים ויוזמות; (ערר, 0→4).",16,0,0,לא נמצאו עוגנים בתחום.,0,0,0,לא נמצאו עוגנים בתחום.,0,20,20,"חיפוש עמוק: עוגן ראשוני בנושא יוקר המחיה; (ערר, 0→1).",0,80,80,"חיפוש עמוק: פעילות בנושאי שלום וביטחון; מעורבות בשיח הביטחוני-מדיני; (ערר, 0→4).",12,0,0,לא נמצאו עוגנים בתחום.,0,20,20,"חיפוש עמוק: עוגן ראשוני בנושאי צעירים; (ערר, 0→1).",0,0,0,,0,60,66.6,מובילת אימהות בחזית וחזית חינוך; נוכחות בוועדת החינוך בכנסת.,6,90,90,"מייסדת תנועת ""אימהות בחזית""; קידמה שוויון בחובת השירות הצבאי ופעלה לחקיקה שוויונית בין נשים לגברים",6
אמיר חניפס,80,79.7,"חיפוש עמוק: פעילות מובהקת בשלטון חוק; מעורבות ציבורית ומשפטית מתועדת; (ערר, 0→3.5→4).",20,80,79.7,"חיפוש עמוק: פעילות ציבורית בנושאי חופש דת ומדינה; עמדות עקרוניות מתועדות; (ערר, 0→4).",11,80,79.7,"חיפוש עמוק: תפקידי הנהגה ציבורית וניהול; ניסיון מנהיגותי מתועד; (ערר, 0→4).",17,20,20,"חיפוש עמוק: זיקה ראשונית לנושאים חברתיים-סביבתיים בהקשר מגזרי; (ערר, 0→1).",0,0,0,קובץ ערר ריק — שמירה על מקורי 0.,0,60,60,"חיפוש עמוק: פעילות בנושאי יוקר המחיה והביטחון הכלכלי; (ערר, 0→3).",14,80,80,"חיפוש עמוק: פעילות ממוקדת בנושאי שלום וביטחון; עמדות מדיניות מתועדות; (ערר, 0→4).",13,60,60,"חיפוש עמוק: זיקה לפיתוח האזורי בנגב ובגליל; (ערר, 0→3).",8,40,40,"חיפוש עמוק: עוגן בנושאי הדור הבא; (ערר, 0→2).",0,0,0,,0,20,37.7,"רקע אקדמי (דוקטורט), ללא עמדות חינוך",18,10,10,הובלה ציבורית,0
קטי פיאסצקי,0,0,לא נמצאו עוגנים בתחום בתקופת ההתייחסות.,0,0,0,לא נמצאו עוגנים בתחום.,0,0,0,לא נמצאו עוגנים בתחום בקריטריונים המוגדרים.,0,40,40,"חיפוש עמוק: תיק איכות הסביבה ובעלי החיים בעיריית בת ים; (ערר, 0→2).",19,0,0,לא נמצאו עוגנים בתחום.,0,60,60,"חיפוש עמוק: פעילות בנושאי יוקר המחיה; קידום מדיניות כלכלית ברמה המוניציפלית; (ערר, 0→2.5→3).",15,60,60,"חיפוש עמוק: פעילות בנושאי ביטחון וסדר ציבורי; (ערר, 0→2.5→3).",0,0,0,לא נמצאו עוגנים בתחום.,0,80,80,"חיפוש עמוק: יו""ר ועדת זכויות הילד; קידום חקיקה לצעירים; ניהול דיוני ועדה בנושאי ילדים ובני נוער; (ערר, 0→4).",5,0,0,,0,20,34.4,זיקה אידאולוגית כללית לאזרחות דמוקרטית-חילונית.,21,40,40,הובלה ציבורית,0
רותם סיון הופמן,80,79.4,"חיפוש עמוק: פעילות מובהקת בנושאי שלטון חוק ודמוקרטיה; עמדות ציבוריות מתועדות; (ערר, 0→3.5→4).",23,0,0,לא נמצאו עוגנים בתחום.,0,80,79.4,"חיפוש עמוק: תפקידי ניהול ציבורי ומנהיגות מתועדים; (ערר, 0→3.5→4).",19,0,0,לא נמצאו עוגנים בתחום.,0,0,0,לא נמצאו עוגנים בתחום.,0,0,0,לא נמצאו עוגנים בתחום.,0,80,80,"חיפוש עמוק: פעילות ממוקדת בנושאי שלום וביטחון לאומי; (ערר, 0→4).",14,0,0,לא נמצאו עוגנים בתחום.,0,60,60,"חיפוש עמוק: פעילות בנושאי הדור הבא; מעורבות בנושאי צעירים; (ערר, 0→3).",17,0,0,,0,20,37.4,חינוך לאזרחות וערכים דרך מאבק אמא ערה.,20,40,40,משולב,0
רם שפע,0,0,לא נמצאו עוגנים בתחום בתקופת ההתייחסות (כהונת כנסת הסתיימה נובמבר 2022).,0,20,38.6,"חיפוש עמוק: השתתפות בפאנל 'הכרעה חינוכית' בכנס קרן ברל; דיון בחינוך ממלכתי מול חינוך דתי; (ערר, 0→1).",0,60,66.6,"חיפוש עמוק: ניהול מאמצי שיקום מורכבים; ראיונות עומק על מנהיגות בתקופת מלחמה; (ערר, 0→3).",0,40,40,"חיפוש עמוק: שיקום חברתי-קהילתי של קיבוצי הנגב המערבי; (ערר, 0→2).",20,0,0,לא נמצאו עוגנים בתחום.,0,40,40,"חיפוש עמוק: שיקום כלכלי של קהילות עוטף עזה; ביטחון כלכלי ממוקד גיאוגרפית; (ערר, 0→2).",22,60,60,"חיפוש עמוק: מינוי לפרויקטור שיקום קיבוצי עוטף עזה מטעם התנועה הקיבוצית; ראיונות על חזרת תושבים וחוסן לאומי; (ערר, 0→3).",0,0,0,קובץ ערר ריק — שמירה על מקורי 0.,0,0,0,פעילותו בנושא צעירים הייתה לפני תקופת ההתייחסות; לא נמצאו עוגנים ב-2023-2026.,0,0,0,,0,100,94.6,"יו""ר ועדת החינוך, יו""ר התאחדות הסטודנטים, עמדת שכר מורים",1,30,30,הובלה ציבורית,0
חנן זיסו,80,76.4,פעיל במחאה נגד הרפורמה המשפטית; מועמד מפלגת הדמוקרטים; תפיסה דמוקרטית מנומקת — הכרה בסמכות נבחרת תוך התנגדות עקרונית.,0,40,48.4,חיפוש עמוק: הנחה ועורר שולחן עגול בכנס הדמוקרטים בנושא דת ומדינה — עוגן נקודתי אחד.,0,60,62.4,חבר מועצת קרית טבעון לשעבר; בעלים ומנהל משרד תקשורת והפקות; ייעוץ אסטרטגי לקמפיינים פוליטיים.,0,40,40,פעל לקדם אינטרסים סביבתיים של קרית טבעון; פעילות חברתית בפורום מיכל סלה למניעת אלימות נגד נשים.,21,0,0,חיפוש עמוק לא מצאה עוגנים עובדתיים בתחום בתקופת ההתייחסות.,0,0,0,חיפוש עמוק לא מצאה עוגנים עובדתיים בתחום.,0,40,40,פעיל במטה משפחות החטופים — זיקה אזרחית-אנושית. אין עמדת מדיניות ביטחונית מתועדת.,0,0,0,חיפוש עמוק לא מצאה עוגנים עובדתיים בתחום.,0,60,60,"מורה, מחנך ומנהל חינוך ותרבות — שנים רבות של עבודה עם נוער בסיכון ואוכלוסיות מוחלשות. זיקה מתמשכת לתחום.",18,0,0,,0,60,62.4,"ניסיון מקצועי בחינוך נוער בסיכון, קמפיינים חינוכיים",8,20,20,הובלה ציבורית,0
עמרי רונן,100,91.6,מוביל בולט של מחאת 'אחים ואחיות לנשק' נגד הרפורמה המשפטית; עורך דין; מועמד מפלגת הדמוקרטים — שלטון החוק הוא ציר מרכזי ועקבי בכל פועלו הציבורי.,8,0,0,"לא אותרו עמדות מוצהרות בסוגיות ספציפיות — נישואים אזרחיים, שבת, גיוס חרדים או מעמד הרבנות.",0,60,63.6,הובלת תנועת מחאה אזרחית רחבה; ייסוד-שותף עמותת 'יהב – מחנכים לציונות'; ניהול הליכים משפטיים מורכבים. ניסיון הובלה ציבורית — לא ניהולי-ממסדי.,0,0,0,"פעילות חברתית מובהקת, אך לא אותר עיסוק או התבטאות בנושאי סביבה, משבר אקלים או קיימות.",0,0,0,לא אותרה פעילות או התבטאות ממוקדת בנושא יחסי יהודים וערבים בישראל.,0,0,0,חיפוש עמוק לא מצאה עוגנים עובדתיים בתחום. פעילות בפרקליטות המדינה (כלכלית-שחיתות) לא הותירה ביטוי פומבי ממוקד ביוקר המחיה.,0,0,0,"קצין מילואים בדרגת סרן, אך שירות צבאי אינו תחליף לעמדה ביטחונית-מדינית סדורה. לא אותרה עמדה מפורשת בנוגע לסכסוך הישראלי-פלסטיני.",0,0,0,לא אותר עיסוק בנושאי פריפריה גיאוגרפית.,0,40,40,"ייסד 'יהב – מחנכים לציונות' לחינוך ציוני בקרב צעירים; שיח ציבורי עקבי על חשיבות הדור הצעיר ומאפייניו — 'דור מצוין, מוכשר, אמיץ וערכי'.",0,0,0,,0,40,49.6,"עמותת 'יהב' לחינוך ציוני, פעילות ערכית",12,10,10,אין,0
אחסן חלאילה,20,31.4,חבר במפלגה שמציבה את הדמוקרטיה ושלטון החוק במרכז; אין הצהרות אישיות מפורטות בנושא.,0,0,0,לא אותרו עמדות מוצהרות בסוגיות ספציפיות.,0,0,0,הופעות תקשורתיות ומועמדות פוליטית — אך לא תועד ניסיון ניהולי פורמלי ברמה מוסדית.,0,0,0,לא אותרו עמדות סביבתיות ספציפיות.,0,100,100,איש חינוך ערבי-ישראלי שנאם בתקשורת הארצית על אזרחות משותפת ואהבת המדינה; מועמד במפלגת הדמוקרטים המגדירה שותפות יהודית-ערבית כעקרון מרכזי. זהותו האישית והמסר שלו מהווים ביטוי חי לנבחרת זו.,2,0,0,חיפוש עמוק לא מצאה עוגנים עובדתיים קונקרטיים בתחום.,0,40,40,דגש על ביטחון אישי ותנועה חופשית בין יישובים יהודיים וערביים — 'תנו לנו לחזור לחיים'. מדיניות ביטחון-ביטחונית מפורטת לא תועדה.,0,0,0,לא אותר עיסוק בנושאי פריפריה גיאוגרפית.,0,40,40,איש חינוך במקצועו; שיח ציבורי על הדור הצעיר ועל הצורך בחיים נורמליים עבורו. אין תיעוד על יוזמות חינוכיות רחבות ספציפיות.,0,0,0,,0,40,45.4,"מוצג כ'איש חינוך', ללא מדיניות ספציפית",13,10,10,אין,0
בנימין מיניץ',60,52.5,מועמד במפלגת הדמוקרטים המגדירה שלטון החוק כעקרון יסוד; כרב פלורליסטי פועל למען חברה דמוקרטית.,0,100,80.5,"ליבה מובהקת: רב אורתודוקסי-פלורליסטי, יו""ר מועצת הרבנות הרפורמית בישראל, פועל לגישור בין יהדות ומדינה ליברלית.",10,80,66.5,"יו""ר מועצת הרבנות הרפורמית בישראל — מסגרת הנהגתית מוכחת.",0,60,60,השתתפות בשבוע הצדק החברתי 2026; זיקה ערכית לצדק חברתי.,11,0,0,פעיל ביפו — עיר מעורבת — אך ללא עוגן תיעודי ישיר לפעילות שותפות.,0,0,0,לא נמצאו עוגנים קונקרטיים בתחום זה.,0,40,40,שיוך מפלגתי כללי; אין עמדות ביטחוניות ספציפיות מתועדות.,0,0,0,לא נמצאו עוגנים בתחום זה.,0,60,60,עיסוק קהילתי ורבני עם דגש על חינוך ועתיד הדמוקרטיה.,19,0,0,,0,0,0,,0,10,10,הובלה ציבורית,0
ערן ניסן,80,79.4,,24,20,37.4,ערר: זיקה עקיפה דרך מאבק בימין דתי-קיצוני,0,60,65.4,,0,0,0,,0,80,80,,8,40,40,,23,100,100,,6,0,0,,0,60,60,,20,10,10,קמפיינים דיגיטליים; אין ראיות לפעולת שטח,0,60,65.4,מנהל מחלקת חינוך והסברה ב'שלום עכשיו',7,20,20,הובלה ציבורית,0
אביתר באר,20,14,השתתפות בפריימריז של הדמוקרטים כסיגנל עקיף; אין הצהרה ישירה בנושא,0,0,0,,0,20,14,ניהול חוות בודדים ברמת הנגב — עוגן ניהולי פרטי ולא ציבורי,0,0,0,,0,0,0,,0,0,0,,0,0,0,,0,40,40,"איש נגב ומנהל חוות בודדים ברמת הנגב; זיקה ישירה לאזור, ללא מדיניות מפורשת",12,0,0,,0,0,0,,0,0,0,,0,0,0,,0
דימה שפירא,60,42,,0,20,14,,0,40,28,ייסוד/הובלת קבוצת פעילים פנים-מפלגתית; ציר בוועידת הדמוקרטים,0,40,40,,22,40,40,,21,40,40,,24,40,40,,0,40,40,,13,40,40,,0,40,40,,8,40,28,,22,0,0,,0
אליס גולדמן,40,28,זיקה עקיפה לשקיפות ומאבק בקשרי הון-שלטון; ללא עוגן מדיניות רחב יותר,0,0,0,,0,20,14,סיגנלים רכים של מעורבות ציבורית; ללא כהונה מוכחת,0,80,80,"פעילות עקבית ומתועדת בסביבה, בריאות הציבור, זכויות בעלי חיים ופיתוח בר-קיימא",5,0,0,,0,0,0,,0,0,0,,0,0,0,,0,0,0,,0,0,0,,0,0,0,,0,0,0,,0
